line,sample,mineral,confidence,source,wavelength
0,3,Sulfates,0.8632252325109893,SVM_ML,0.3750377358490566
0,4,Sulfates,0.8338815126619643,SVM_ML,0.3750377358490566
0,5,Sulfates,0.9237882933434285,Physics_Rules,0.4337075471698113
0,6,Sulfates,0.8508427766828849,SVM_ML,0.3750377358490566
0,7,Sulfates,0.8539914347513488,SVM_ML,0.3750377358490566
0,8,Sulfates,0.859024682273014,SVM_ML,0.3750377358490566
0,9,Sulfates,0.8720348608890726,SVM_ML,0.3750377358490566
0,10,Sulfates,0.857072769614967,SVM_ML,0.3750377358490566
0,11,Sulfates,0.8917318996382835,SVM_ML,0.3750377358490566
0,12,Sulfates,0.8382987637663168,SVM_ML,0.3750377358490566
0,13,Sulfates,0.892051646028437,SVM_ML,0.3750377358490566
0,14,Sulfates,0.8869709304600892,SVM_ML,0.3750377358490566
0,15,Sulfates,0.8635881724557742,SVM_ML,0.3750377358490566
0,16,Sulfates,0.8905497093718474,SVM_ML,0.3750377358490566
0,17,Sulfates,0.8918651937267453,SVM_ML,0.3750377358490566
0,18,Sulfates,0.8808829111669864,SVM_ML,0.3750377358490566
0,19,Sulfates,0.8838542314139649,SVM_ML,0.3750377358490566
0,20,Sulfates,0.8915019358542944,SVM_ML,0.3750377358490566
0,21,Sulfates,0.8733687837164448,SVM_ML,0.3750377358490566
0,22,Sulfates,1.0258067468556868,Physics_Rules,0.4337075471698113
0,23,Sulfates,0.8791697118614558,SVM_ML,0.3750377358490566
0,24,Sulfates,0.8645905943483263,SVM_ML,0.3750377358490566
0,25,Sulfates,0.8832433199379368,SVM_ML,0.3750377358490566
0,26,Sulfates,0.871426649649991,SVM_ML,0.3750377358490566
0,27,Sulfates,1.0287257257008853,Physics_Rules,0.4337075471698113
0,28,Sulfates,0.8914932152815122,SVM_ML,0.3750377358490566
0,29,Sulfates,0.9685312337677454,Physics_Rules,0.4337075471698113
0,30,Sulfates,0.884132548877076,SVM_ML,0.3750377358490566
0,31,Sulfates,0.8765868127952784,SVM_ML,0.3750377358490566
0,32,Sulfates,1.0136634884145517,Physics_Rules,0.4337075471698113
0,33,Sulfates,1.0030141921450753,Physics_Rules,0.4337075471698113
0,34,Sulfates,0.8669466199205617,SVM_ML,0.3750377358490566
0,35,Sulfates,0.8732593064508509,SVM_ML,0.3750377358490566
0,36,Sulfates,0.8745802591794375,SVM_ML,0.3750377358490566
0,37,Sulfates,0.8799247555849218,SVM_ML,0.3750377358490566
0,38,Sulfates,0.9943353797161704,Physics_Rules,0.4337075471698113
0,39,Sulfates,0.8849396920649578,SVM_ML,0.3750377358490566
0,40,Sulfates,0.8810347777357115,SVM_ML,0.3750377358490566
0,41,Sulfates,0.8806472983622221,SVM_ML,0.3750377358490566
0,42,Sulfates,0.8899606290398518,SVM_ML,0.3750377358490566
0,43,Sulfates,1.014353811459059,Physics_Rules,0.4337075471698113
0,44,Sulfates,0.8680466412306188,SVM_ML,0.3750377358490566
0,45,Sulfates,0.9242157374837595,Physics_Rules,0.4337075471698113
0,46,Sulfates,0.890427011178692,SVM_ML,0.3750377358490566
0,47,Sulfates,0.8799966824949641,SVM_ML,0.3750377358490566
0,48,Sulfates,0.8749596122186967,SVM_ML,0.3750377358490566
0,49,Sulfates,0.8629792664760098,SVM_ML,0.3750377358490566
0,50,Sulfates,0.880605384043083,SVM_ML,0.3750377358490566
0,51,Sulfates,0.8249961557312331,SVM_ML,0.3750377358490566
0,52,Sulfates,0.8471178689949174,SVM_ML,0.3750377358490566
0,53,Sulfates,0.6599923363246107,SVM_ML,0.3750377358490566
0,54,Sulfates,0.7537313811375983,SVM_ML,0.3750377358490566
0,55,Sulfates,0.8832640551717929,Physics_Rules,0.4337075471698113
0,56,Sulfates,0.8505885853536417,SVM_ML,0.3750377358490566
0,57,Sulfates,0.886967495887821,SVM_ML,0.3750377358490566
0,58,Sulfates,0.8074813786169438,SVM_ML,0.3750377358490566
0,59,Sulfates,0.8884575361069947,SVM_ML,0.3750377358490566
0,60,Sulfates,0.7571962193518301,SVM_ML,0.3750377358490566
0,61,Mixed,0.5839379500193489,Ambiguous,0.3750377358490566
1,3,Sulfates,0.8345172248860501,SVM_ML,0.3750377358490566
1,4,Sulfates,0.8209669589426449,SVM_ML,0.3750377358490566
1,5,Sulfates,0.8714685285537824,Physics_Rules,0.4337075471698113
1,6,Sulfates,0.845355484224653,SVM_ML,0.3750377358490566
1,7,Sulfates,0.8511042724757939,SVM_ML,0.3750377358490566
1,8,Sulfates,0.8919233770121472,SVM_ML,0.3750377358490566
1,9,Sulfates,0.8771307934295512,SVM_ML,0.3750377358490566
1,10,Sulfates,0.8915353490394259,SVM_ML,0.3750377358490566
1,11,Sulfates,0.8920448669621066,SVM_ML,0.3750377358490566
1,12,Sulfates,0.8120973475315627,SVM_ML,0.3750377358490566
1,13,Sulfates,0.8501508764742798,SVM_ML,0.3750377358490566
1,14,Sulfates,0.8850619416940713,SVM_ML,0.3750377358490566
1,15,Sulfates,0.853763180896415,SVM_ML,0.3750377358490566
1,16,Sulfates,0.8865821053251624,SVM_ML,0.3750377358490566
1,17,Sulfates,0.8914618901718792,SVM_ML,0.3750377358490566
1,18,Sulfates,0.8917702901191286,SVM_ML,0.3750377358490566
1,19,Sulfates,0.876962736834374,SVM_ML,0.3750377358490566
1,20,Sulfates,0.8842461536781044,SVM_ML,0.3750377358490566
1,21,Sulfates,0.8879106523844215,SVM_ML,0.3750377358490566
1,22,Sulfates,0.8784626347819059,SVM_ML,0.3750377358490566
1,23,Sulfates,0.8899593650362357,SVM_ML,0.3750377358490566
1,24,Sulfates,0.8889395830176214,SVM_ML,0.3750377358490566
1,25,Sulfates,0.8724702404222301,SVM_ML,0.3750377358490566
1,26,Sulfates,1.0453747864751701,Physics_Rules,0.4337075471698113
1,27,Sulfates,1.0029156020107766,Physics_Rules,0.4337075471698113
1,28,Sulfates,0.8863971778767497,SVM_ML,0.3750377358490566
1,29,Sulfates,0.8833970942781152,SVM_ML,0.3750377358490566
1,30,Sulfates,0.8702391508145776,SVM_ML,0.3750377358490566
1,31,Sulfates,1.014238925752537,Physics_Rules,0.4337075471698113
1,32,Sulfates,0.8693015511572939,SVM_ML,0.3750377358490566
1,33,Sulfates,1.0464672970647624,Physics_Rules,0.4337075471698113
1,34,Sulfates,0.8834945429548856,SVM_ML,0.3750377358490566
1,35,Sulfates,0.8910312410408048,SVM_ML,0.3750377358490566
1,36,Sulfates,0.9955835089791563,Physics_Rules,0.4337075471698113
1,37,Sulfates,1.0275964926590353,Physics_Rules,0.4337075471698113
1,38,Sulfates,0.8919096473875043,SVM_ML,0.3750377358490566
1,39,Sulfates,0.8610229643299113,SVM_ML,0.3750377358490566
1,40,Sulfates,0.8919449009632466,SVM_ML,0.3750377358490566
1,41,Sulfates,0.8699304492930304,SVM_ML,0.3750377358490566
1,42,Sulfates,0.8916565824499695,SVM_ML,0.3750377358490566
1,43,Sulfates,1.0104571436687142,Physics_Rules,0.4337075471698113
1,44,Sulfates,0.8092410728841846,SVM_ML,0.3750377358490566
1,45,Sulfates,0.8342509101604901,SVM_ML,0.3750377358490566
1,46,Sulfates,0.8780564402127498,SVM_ML,0.3750377358490566
1,47,Sulfates,0.8591500264526861,SVM_ML,0.3750377358490566
1,48,Sulfates,0.9120428138508208,Physics_Rules,0.4337075471698113
1,49,Sulfates,0.8380877238982908,SVM_ML,0.3750377358490566
1,50,Sulfates,0.8614269410274658,SVM_ML,0.3750377358490566
1,51,Sulfates,0.8892547240139069,SVM_ML,0.3750377358490566
1,52,Sulfates,0.7730984859588447,SVM_ML,0.3750377358490566
1,53,Sulfates,0.8310414186687513,SVM_ML,0.3750377358490566
1,54,Sulfates,0.8641120420243278,SVM_ML,0.3750377358490566
1,55,Sulfates,0.8673062017879869,SVM_ML,0.3750377358490566
1,56,Sulfates,0.821614421835973,SVM_ML,0.3750377358490566
1,57,Sulfates,0.8685322221595192,SVM_ML,0.3750377358490566
1,58,Sulfates,0.72985875854715,SVM_ML,0.3750377358490566
1,59,Sulfates,0.841716091157602,SVM_ML,0.3750377358490566
1,60,Sulfates,0.6708549632628246,SVM_ML,0.3750377358490566
1,61,Sulfates,0.8126418797323283,SVM_ML,0.3750377358490566
2,3,Sulfates,0.8442072581363939,SVM_ML,0.3750377358490566
2,4,Sulfates,0.9777797682906904,Physics_Rules,0.4337075471698113
2,5,Sulfates,0.8686724856406149,SVM_ML,0.3750377358490566
2,6,Sulfates,0.8146939421335293,SVM_ML,0.3750377358490566
2,7,Sulfates,0.8916287268862806,SVM_ML,0.3750377358490566
2,8,Sulfates,0.8920185775641987,SVM_ML,0.3750377358490566
2,9,Sulfates,0.8688618168841724,SVM_ML,0.3750377358490566
2,10,Sulfates,0.8895308985964046,SVM_ML,0.3750377358490566
2,11,Sulfates,0.89148036510922,SVM_ML,0.3750377358490566
2,12,Sulfates,0.8835411878408255,SVM_ML,0.3750377358490566
2,13,Sulfates,0.8894944662207862,SVM_ML,0.3750377358490566
2,14,Sulfates,0.8867872752555052,SVM_ML,0.3750377358490566
2,15,Sulfates,0.8920419174122676,SVM_ML,0.3750377358490566
2,16,Sulfates,0.8891953989639684,SVM_ML,0.3750377358490566
2,17,Sulfates,0.891731825553855,SVM_ML,0.3750377358490566
2,18,Sulfates,0.8920224929454014,SVM_ML,0.3750377358490566
2,19,Sulfates,0.8918923063054487,SVM_ML,0.3750377358490566
2,20,Sulfates,0.8880438856124119,SVM_ML,0.3750377358490566
2,21,Sulfates,0.8892496072199668,SVM_ML,0.3750377358490566
2,22,Sulfates,0.8910813186998588,SVM_ML,0.3750377358490566
2,23,Sulfates,0.8918740493999416,SVM_ML,0.3750377358490566
2,24,Sulfates,0.8918796138599371,SVM_ML,0.3750377358490566
2,25,Sulfates,0.8909857468288997,SVM_ML,0.3750377358490566
2,26,Sulfates,0.8887954612555393,SVM_ML,0.3750377358490566
2,27,Sulfates,1.020995088840932,Physics_Rules,0.4337075471698113
2,28,Sulfates,0.8844831675265038,SVM_ML,0.3750377358490566
2,29,Sulfates,0.8819561827524275,SVM_ML,0.3750377358490566
2,30,Sulfates,1.0422691248478344,Physics_Rules,0.4337075471698113
2,31,Sulfates,0.9879312165183928,Physics_Rules,0.4337075471698113
2,32,Sulfates,1.0281402140616993,Physics_Rules,0.4337075471698113
2,33,Sulfates,0.8868512426429563,SVM_ML,0.3750377358490566
2,34,Sulfates,0.8887224314441883,SVM_ML,0.3750377358490566
2,35,Sulfates,0.889428235449913,SVM_ML,0.3750377358490566
2,36,Sulfates,0.8914827721480925,SVM_ML,0.3750377358490566
2,37,Sulfates,0.8914707417572347,SVM_ML,0.3750377358490566
2,38,Sulfates,0.8659306350250504,SVM_ML,0.3750377358490566
2,39,Sulfates,0.8919127359595252,SVM_ML,0.3750377358490566
2,40,Sulfates,0.8910141530505759,SVM_ML,0.3750377358490566
2,41,Sulfates,0.8920063901628218,SVM_ML,0.3750377358490566
2,42,Sulfates,0.8920528825397016,SVM_ML,0.3750377358490566
2,43,Sulfates,0.8835119470910544,SVM_ML,0.3750377358490566
2,44,Sulfates,0.8854346165843286,SVM_ML,0.3750377358490566
2,45,Sulfates,0.8273897508945215,SVM_ML,0.3750377358490566
2,46,Sulfates,0.888926134759977,SVM_ML,0.3750377358490566
2,47,Sulfates,0.8914376509308599,SVM_ML,0.3750377358490566
2,48,Sulfates,0.8662148422341212,SVM_ML,0.3750377358490566
2,49,Sulfates,0.8918021670846766,SVM_ML,0.3750377358490566
2,50,Sulfates,0.9555246054542885,Physics_Rules,0.4337075471698113
2,51,Sulfates,0.7909518735977492,SVM_ML,0.3750377358490566
2,52,Sulfates,0.8721181954457524,SVM_ML,0.3750377358490566
2,53,Sulfates,0.8235635099226725,SVM_ML,0.3750377358490566
2,54,Sulfates,0.8507728014013699,SVM_ML,0.3750377358490566
2,55,Sulfates,0.608136021433474,SVM_ML,0.3750377358490566
2,56,Sulfates,0.8073617161220032,SVM_ML,0.3750377358490566
2,57,Sulfates,0.8625459463486082,SVM_ML,0.3750377358490566
2,58,Sulfates,0.8741632359268167,SVM_ML,0.3750377358490566
2,59,Sulfates,0.8307841773752943,SVM_ML,0.3750377358490566
2,60,Sulfates,0.8732173725097391,SVM_ML,0.3750377358490566
2,61,Sulfates,0.8040313089735601,SVM_ML,0.3750377358490566
3,3,Sulfates,0.789386508847514,SVM_ML,0.3750377358490566
3,4,Sulfates,0.8069702191882356,SVM_ML,0.3750377358490566
3,5,Sulfates,0.826071855440219,SVM_ML,0.3750377358490566
3,6,Sulfates,0.7777556134391181,SVM_ML,0.3750377358490566
3,7,Sulfates,0.8919238345927116,SVM_ML,0.3750377358490566
3,8,Sulfates,0.8919164849016392,SVM_ML,0.3750377358490566
3,9,Sulfates,0.8660355920863037,SVM_ML,0.3750377358490566
3,10,Sulfates,0.8820338225389202,SVM_ML,0.3750377358490566
3,11,Sulfates,0.8901557648028708,SVM_ML,0.3750377358490566
3,12,Sulfates,0.8799280668939202,SVM_ML,0.3750377358490566
3,13,Sulfates,0.8905115261617632,SVM_ML,0.3750377358490566
3,14,Sulfates,0.878860260583329,SVM_ML,0.3750377358490566
3,15,Sulfates,0.8823943551603035,SVM_ML,0.3750377358490566
3,16,Sulfates,0.8916065741861363,SVM_ML,0.3750377358490566
3,17,Sulfates,0.8900074105546543,SVM_ML,0.3750377358490566
3,18,Sulfates,0.8849841141207707,SVM_ML,0.3750377358490566
3,19,Sulfates,0.8903986293812725,SVM_ML,0.3750377358490566
3,20,Sulfates,0.8920536406673883,SVM_ML,0.3750377358490566
3,21,Sulfates,0.8917867522364991,SVM_ML,0.3750377358490566
3,22,Sulfates,0.8905247811320939,SVM_ML,0.3750377358490566
3,23,Sulfates,0.8913816358755122,SVM_ML,0.3750377358490566
3,24,Sulfates,0.891927877529331,SVM_ML,0.3750377358490566
3,25,Sulfates,0.8868621263914445,SVM_ML,0.3750377358490566
3,26,Sulfates,0.8818383821789413,SVM_ML,0.3750377358490566
3,27,Sulfates,0.8787348287623288,SVM_ML,0.3750377358490566
3,28,Sulfates,0.8732229926694982,SVM_ML,0.3750377358490566
3,29,Sulfates,1.037910628896737,Physics_Rules,0.4337075471698113
3,30,Sulfates,0.8906455025498052,SVM_ML,0.3750377358490566
3,31,Sulfates,0.8873072621406709,SVM_ML,0.3750377358490566
3,32,Sulfates,1.0225986765644695,Physics_Rules,0.4337075471698113
3,33,Sulfates,0.8849354307721251,SVM_ML,0.3750377358490566
3,34,Sulfates,0.8917927883480173,SVM_ML,0.3750377358490566
3,35,Sulfates,0.8881199026147565,SVM_ML,0.3750377358490566
3,36,Sulfates,0.8868027442752003,SVM_ML,0.3750377358490566
3,37,Sulfates,1.031275358930516,Physics_Rules,0.4337075471698113
3,38,Sulfates,0.8907868729746906,SVM_ML,0.3750377358490566
3,39,Sulfates,0.8887829724343909,SVM_ML,0.3750377358490566
3,40,Sulfates,0.8833054929780175,SVM_ML,0.3750377358490566
3,41,Sulfates,0.8915263388755832,SVM_ML,0.3750377358490566
3,42,Sulfates,0.8915497720206894,SVM_ML,0.3750377358490566
3,43,Sulfates,0.8868719575044892,SVM_ML,0.3750377358490566
3,44,Sulfates,0.8865602949864786,SVM_ML,0.3750377358490566
3,45,Sulfates,0.8892959871589945,SVM_ML,0.3750377358490566
3,46,Sulfates,0.8888490523074879,SVM_ML,0.3750377358490566
3,47,Sulfates,0.8904282746087274,SVM_ML,0.3750377358490566
3,48,Sulfates,0.8622803827384501,SVM_ML,0.3750377358490566
3,49,Sulfates,0.8898700590294318,SVM_ML,0.3750377358490566
3,50,Sulfates,0.8920391046067294,SVM_ML,0.3750377358490566
3,51,Sulfates,0.8762580003457064,SVM_ML,0.3750377358490566
3,52,Sulfates,0.8565400957030846,SVM_ML,0.3750377358490566
3,53,Sulfates,0.8830095982750887,SVM_ML,0.3750377358490566
3,54,Sulfates,0.8874209004482424,SVM_ML,0.3750377358490566
3,55,Sulfates,0.8123514123478507,SVM_ML,0.3750377358490566
3,56,Sulfates,0.8591671396512615,SVM_ML,0.3750377358490566
3,57,Sulfates,0.8400576706976031,SVM_ML,0.3750377358490566
3,58,Sulfates,0.8383649773481693,SVM_ML,0.3750377358490566
3,59,Sulfates,0.8096199315046764,SVM_ML,0.3750377358490566
3,60,Sulfates,0.849421071470421,SVM_ML,0.3750377358490566
3,61,Sulfates,0.7498397134317929,SVM_ML,0.3750377358490566
4,3,Sulfates,0.884664174729651,SVM_ML,0.3750377358490566
4,4,Sulfates,0.8829577434069177,SVM_ML,0.3750377358490566
4,5,Sulfates,0.8918955719708682,SVM_ML,0.3750377358490566
4,6,Sulfates,0.890730884724351,SVM_ML,0.3750377358490566
4,7,Sulfates,0.8364928916182169,SVM_ML,0.3750377358490566
4,8,Sulfates,0.8519638133273932,SVM_ML,0.3750377358490566
4,9,Sulfates,0.8195476506482262,SVM_ML,0.3750377358490566
4,10,Sulfates,0.87582112630451,SVM_ML,0.3750377358490566
4,11,Sulfates,0.8685917364344528,SVM_ML,0.3750377358490566
4,12,Sulfates,0.8701994560708557,SVM_ML,0.3750377358490566
4,13,Sulfates,0.8662437726588352,SVM_ML,0.3750377358490566
4,14,Sulfates,0.8853575072534936,SVM_ML,0.3750377358490566
4,15,Sulfates,0.8916855252283509,SVM_ML,0.3750377358490566
4,16,Sulfates,0.8907446465707967,SVM_ML,0.3750377358490566
4,17,Sulfates,0.8871424401338762,SVM_ML,0.3750377358490566
4,18,Sulfates,0.8814261538602582,SVM_ML,0.3750377358490566
4,19,Sulfates,0.8769892200036958,SVM_ML,0.3750377358490566
4,20,Sulfates,0.8847517581784917,SVM_ML,0.3750377358490566
4,21,Sulfates,0.8907148468212484,SVM_ML,0.3750377358490566
4,22,Sulfates,0.8728520938871402,SVM_ML,0.3750377358490566
4,23,Sulfates,0.8913609599051188,SVM_ML,0.3750377358490566
4,24,Sulfates,0.8840320611244094,SVM_ML,0.3750377358490566
4,25,Sulfates,0.8893852960188845,SVM_ML,0.3750377358490566
4,26,Sulfates,0.8880102885786861,SVM_ML,0.3750377358490566
4,27,Sulfates,0.8828431009346802,SVM_ML,0.3750377358490566
4,28,Sulfates,0.8802312856626795,SVM_ML,0.3750377358490566
4,29,Sulfates,0.8918487340068828,SVM_ML,0.3750377358490566
4,30,Sulfates,0.8907176609353298,SVM_ML,0.3750377358490566
4,31,Sulfates,0.888889727447659,SVM_ML,0.3750377358490566
4,32,Sulfates,0.8920103696277867,SVM_ML,0.3750377358490566
4,33,Sulfates,0.8879710793526179,SVM_ML,0.3750377358490566
4,34,Sulfates,0.8852597853617636,SVM_ML,0.3750377358490566
4,35,Sulfates,0.8896346726081803,SVM_ML,0.3750377358490566
4,36,Sulfates,0.8892756213461057,SVM_ML,0.3750377358490566
4,37,Sulfates,0.8919092827725389,SVM_ML,0.3750377358490566
4,38,Sulfates,0.8920510638301067,SVM_ML,0.3750377358490566
4,39,Sulfates,0.8920067166509366,SVM_ML,0.3750377358490566
4,40,Sulfates,0.8916386621997658,SVM_ML,0.3750377358490566
4,41,Sulfates,0.8902600459907251,SVM_ML,0.3750377358490566
4,42,Sulfates,0.890318073827006,SVM_ML,0.3750377358490566
4,43,Sulfates,0.8634201399211207,SVM_ML,0.3750377358490566
4,44,Sulfates,0.8611326392987261,SVM_ML,0.3750377358490566
4,45,Sulfates,0.8687134820998178,SVM_ML,0.3750377358490566
4,46,Sulfates,0.8909462985921123,SVM_ML,0.3750377358490566
4,47,Sulfates,0.8917962765070985,SVM_ML,0.3750377358490566
4,48,Sulfates,0.8903449509093393,SVM_ML,0.3750377358490566
4,49,Sulfates,0.8910709177165804,SVM_ML,0.3750377358490566
4,50,Sulfates,0.8918364651557801,SVM_ML,0.3750377358490566
4,51,Sulfates,0.886841920042319,SVM_ML,0.3750377358490566
4,52,Sulfates,0.8794441800429087,SVM_ML,0.3750377358490566
4,53,Sulfates,0.8902426446749508,SVM_ML,0.3750377358490566
4,54,Sulfates,0.8910871782463566,SVM_ML,0.3750377358490566
4,55,Sulfates,0.8510277307645386,SVM_ML,0.3750377358490566
4,56,Sulfates,0.8860845365549469,SVM_ML,0.3750377358490566
4,57,Sulfates,0.8444785099567308,SVM_ML,0.3750377358490566
4,58,Sulfates,0.8385964340800075,SVM_ML,0.3750377358490566
4,59,Sulfates,0.7962464552223925,SVM_ML,0.3750377358490566
4,60,Sulfates,0.8448146109348575,SVM_ML,0.3750377358490566
4,61,Sulfates,0.8434533752114829,SVM_ML,0.3750377358490566
5,3,Sulfates,0.8878476814092705,SVM_ML,0.3750377358490566
5,4,Sulfates,0.8877686488305662,SVM_ML,0.3750377358490566
5,5,Sulfates,0.6725146357729607,SVM_ML,0.3750377358490566
5,6,Sulfates,0.8914539364721195,SVM_ML,0.3750377358490566
5,7,Sulfates,0.891940598720095,SVM_ML,0.3750377358490566
5,8,Sulfates,0.8486440308681795,SVM_ML,0.3750377358490566
5,9,Sulfates,0.8905411598271121,SVM_ML,0.3750377358490566
5,10,Sulfates,0.8646770930731419,SVM_ML,0.3750377358490566
5,11,Sulfates,0.8685761115632945,SVM_ML,0.3750377358490566
5,12,Sulfates,0.8725176639951207,SVM_ML,0.3750377358490566
5,13,Sulfates,0.8745475944093567,SVM_ML,0.3750377358490566
5,14,Sulfates,0.887064765038651,SVM_ML,0.3750377358490566
5,15,Sulfates,0.8488900931438357,SVM_ML,0.3750377358490566
5,16,Sulfates,0.8891937841606863,SVM_ML,0.3750377358490566
5,17,Sulfates,0.8919431004889149,SVM_ML,0.3750377358490566
5,18,Sulfates,0.8911881308017222,SVM_ML,0.3750377358490566
5,19,Sulfates,0.8919937804637353,SVM_ML,0.3750377358490566
5,20,Sulfates,0.8887444084869068,SVM_ML,0.3750377358490566
5,21,Sulfates,0.8896939162830202,SVM_ML,0.3750377358490566
5,22,Sulfates,0.8655915164184562,SVM_ML,0.3750377358490566
5,23,Sulfates,0.8839201289812143,SVM_ML,0.3750377358490566
5,24,Sulfates,0.8812777270610663,SVM_ML,0.3750377358490566
5,25,Sulfates,0.8901457523771068,SVM_ML,0.3750377358490566
5,26,Sulfates,0.8881728048303392,SVM_ML,0.3750377358490566
5,27,Sulfates,0.8807290481558119,SVM_ML,0.3750377358490566
5,28,Sulfates,0.8857349248545551,SVM_ML,0.3750377358490566
5,29,Sulfates,0.8810585290278822,SVM_ML,0.3750377358490566
5,30,Sulfates,0.8913716573057777,SVM_ML,0.3750377358490566
5,31,Sulfates,1.0157122466587478,Physics_Rules,0.4337075471698113
5,32,Sulfates,1.0313579730293083,Physics_Rules,0.4337075471698113
5,33,Sulfates,0.8830413266037936,SVM_ML,0.3750377358490566
5,34,Sulfates,0.8878599950516979,SVM_ML,0.3750377358490566
5,35,Sulfates,0.8868233892682333,SVM_ML,0.3750377358490566
5,36,Sulfates,0.8848402474872572,SVM_ML,0.3750377358490566
5,37,Sulfates,0.8920490453455111,SVM_ML,0.3750377358490566
5,38,Sulfates,0.8918719920596349,SVM_ML,0.3750377358490566
5,39,Sulfates,0.8712585038476356,SVM_ML,0.3750377358490566
5,40,Sulfates,0.8911964403188006,SVM_ML,0.3750377358490566
5,41,Sulfates,0.9047675076345624,Physics_Rules,0.4337075471698113
5,42,Sulfates,0.8890159515505093,SVM_ML,0.3750377358490566
5,43,Sulfates,0.8822071825485948,SVM_ML,0.3750377358490566
5,44,Sulfates,0.8785486753811674,SVM_ML,0.3750377358490566
5,45,Sulfates,0.8864358605309921,SVM_ML,0.3750377358490566
5,46,Sulfates,0.8627447399097592,SVM_ML,0.3750377358490566
5,47,Sulfates,0.8855947317354003,SVM_ML,0.3750377358490566
5,48,Sulfates,0.8834543513533116,SVM_ML,0.3750377358490566
5,49,Sulfates,0.8903492608099253,SVM_ML,0.3750377358490566
5,50,Sulfates,0.8918362414942248,SVM_ML,0.3750377358490566
5,51,Sulfates,0.8842192545177938,SVM_ML,0.3750377358490566
5,52,Sulfates,0.8812395111881436,SVM_ML,0.3750377358490566
5,53,Sulfates,0.9303636494724072,Physics_Rules,0.4337075471698113
5,54,Sulfates,1.0169704145971146,Physics_Rules,0.4337075471698113
5,55,Sulfates,0.9096764243716841,Physics_Rules,0.4337075471698113
5,56,Sulfates,0.847911399000405,SVM_ML,0.3750377358490566
5,57,Sulfates,0.7828824239557339,SVM_ML,0.3750377358490566
5,58,Sulfates,1.0191427205010628,Physics_Rules,0.4337075471698113
5,59,Sulfates,1.0368529125191965,Physics_Rules,0.4337075471698113
5,60,Sulfates,0.6835506854102166,SVM_ML,0.3750377358490566
5,61,Sulfates,0.8420126989609522,Physics_Rules,0.4337075471698113
6,3,Sulfates,0.8691569654913892,SVM_ML,0.3750377358490566
6,4,Sulfates,0.8872454496930472,SVM_ML,0.3750377358490566
6,5,Sulfates,0.8786545742576726,SVM_ML,0.3750377358490566
6,6,Sulfates,0.8757983311043122,SVM_ML,0.3750377358490566
6,7,Sulfates,0.8880985338858572,SVM_ML,0.3750377358490566
6,8,Sulfates,0.875456727951046,SVM_ML,0.3750377358490566
6,9,Sulfates,0.8919724656082311,SVM_ML,0.3750377358490566
6,10,Sulfates,0.8871839905804029,SVM_ML,0.3750377358490566
6,11,Sulfates,0.8900974387214096,SVM_ML,0.3750377358490566
6,12,Sulfates,0.8483740014066321,SVM_ML,0.3750377358490566
6,13,Sulfates,0.8911954657499587,SVM_ML,0.3750377358490566
6,14,Sulfates,0.9504823106180298,Physics_Rules,0.4337075471698113
6,15,Sulfates,0.8885259722665001,SVM_ML,0.3750377358490566
6,16,Sulfates,0.8838276277135471,SVM_ML,0.3750377358490566
6,17,Sulfates,0.8862981216736038,SVM_ML,0.3750377358490566
6,18,Sulfates,0.8846334798201116,SVM_ML,0.3750377358490566
6,19,Sulfates,0.882939947623785,SVM_ML,0.3750377358490566
6,20,Sulfates,0.8919879827188482,SVM_ML,0.3750377358490566
6,21,Sulfates,0.8919283099781484,SVM_ML,0.3750377358490566
6,22,Sulfates,0.8799442034283675,SVM_ML,0.3750377358490566
6,23,Sulfates,0.8874931923637516,SVM_ML,0.3750377358490566
6,24,Sulfates,0.8913615768551723,SVM_ML,0.3750377358490566
6,25,Sulfates,0.8914937070639242,SVM_ML,0.3750377358490566
6,26,Sulfates,0.8920480938340974,SVM_ML,0.3750377358490566
6,27,Sulfates,0.8914966556563251,SVM_ML,0.3750377358490566
6,28,Sulfates,0.8883614990393044,SVM_ML,0.3750377358490566
6,29,Sulfates,0.8844640759423729,SVM_ML,0.3750377358490566
6,30,Sulfates,0.8780484431233384,SVM_ML,0.3750377358490566
6,31,Sulfates,0.8919391484950192,SVM_ML,0.3750377358490566
6,32,Sulfates,0.8886719184131019,SVM_ML,0.3750377358490566
6,33,Sulfates,0.876823147760029,SVM_ML,0.3750377358490566
6,34,Sulfates,0.8841375474231364,SVM_ML,0.3750377358490566
6,35,Sulfates,0.873061188539034,SVM_ML,0.3750377358490566
6,36,Sulfates,0.87180199215679,SVM_ML,0.3750377358490566
6,37,Sulfates,0.8359935662589606,SVM_ML,0.3750377358490566
6,38,Sulfates,0.8859002772102146,SVM_ML,0.3750377358490566
6,39,Sulfates,0.8826713044865611,SVM_ML,0.3750377358490566
6,40,Sulfates,0.8814052387166819,SVM_ML,0.3750377358490566
6,41,Sulfates,0.8903403803182391,SVM_ML,0.3750377358490566
6,42,Sulfates,0.8774816189592919,SVM_ML,0.3750377358490566
6,43,Sulfates,0.8491597381109911,SVM_ML,0.3750377358490566
6,44,Sulfates,0.8801404639393243,SVM_ML,0.3750377358490566
6,45,Sulfates,0.8917759109512873,SVM_ML,0.3750377358490566
6,46,Sulfates,0.8864306048998014,SVM_ML,0.3750377358490566
6,47,Sulfates,0.851105990202801,SVM_ML,0.3750377358490566
6,48,Sulfates,0.8914233426793252,SVM_ML,0.3750377358490566
6,49,Sulfates,0.8824070014312771,SVM_ML,0.3750377358490566
6,50,Sulfates,0.8859863085046121,SVM_ML,0.3750377358490566
6,51,Sulfates,0.8899090294680416,SVM_ML,0.3750377358490566
6,52,Sulfates,0.8298856587355183,SVM_ML,0.3750377358490566
6,53,Sulfates,0.7335404376745664,SVM_ML,0.3750377358490566
6,54,Sulfates,0.808774637008654,SVM_ML,0.3750377358490566
6,55,Sulfates,1.0145574113240308,Physics_Rules,0.4337075471698113
6,56,Sulfates,0.8755120312292952,SVM_ML,0.3750377358490566
6,57,Sulfates,0.9827342860259521,Physics_Rules,0.4337075471698113
6,58,Sulfates,0.9116466920978173,Physics_Rules,0.4337075471698113
6,59,Sulfates,0.7650964084657702,SVM_ML,0.3750377358490566
6,60,Sulfates,0.8230010581383017,SVM_ML,0.3750377358490566
6,61,Sulfates,0.9590204934712709,Physics_Rules,0.4337075471698113
7,3,Sulfates,0.8838948431384265,SVM_ML,0.3750377358490566
7,4,Sulfates,0.8757621691991659,SVM_ML,0.3750377358490566
7,5,Sulfates,0.8907229976479726,SVM_ML,0.3750377358490566
7,6,Sulfates,0.7918817208884907,SVM_ML,0.3750377358490566
7,7,Sulfates,0.8920346845520761,SVM_ML,0.3750377358490566
7,8,Sulfates,0.8919764810901767,SVM_ML,0.3750377358490566
7,9,Sulfates,0.8882634810726987,SVM_ML,0.3750377358490566
7,10,Sulfates,0.8916568078009812,SVM_ML,0.3750377358490566
7,11,Sulfates,0.892047643645404,SVM_ML,0.3750377358490566
7,12,Sulfates,0.8417615458101523,SVM_ML,0.3750377358490566
7,13,Sulfates,0.8919999162657218,SVM_ML,0.3750377358490566
7,14,Sulfates,0.8871074018749944,SVM_ML,0.3750377358490566
7,15,Sulfates,0.8917391389124244,SVM_ML,0.3750377358490566
7,16,Sulfates,0.8904034170291187,SVM_ML,0.3750377358490566
7,17,Sulfates,0.8865351132505146,SVM_ML,0.3750377358490566
7,18,Sulfates,0.8872448080878221,SVM_ML,0.3750377358490566
7,19,Sulfates,0.8787526062675952,SVM_ML,0.3750377358490566
7,20,Sulfates,0.8656658579893715,SVM_ML,0.3750377358490566
7,21,Sulfates,0.8653524818063694,SVM_ML,0.3750377358490566
7,22,Sulfates,0.8801651223309449,SVM_ML,0.3750377358490566
7,23,Sulfates,0.8870304137817795,SVM_ML,0.3750377358490566
7,24,Sulfates,0.8832601564750466,SVM_ML,0.3750377358490566
7,25,Sulfates,0.8543542204521469,SVM_ML,0.3750377358490566
7,26,Mixed,0.5793072366149863,Ambiguous,0.3750377358490566
7,27,Sulfates,0.8737249920212503,SVM_ML,0.3750377358490566
7,28,Sulfates,0.8897871535698534,SVM_ML,0.3750377358490566
7,29,Sulfates,0.8891987799170008,SVM_ML,0.3750377358490566
7,30,Sulfates,0.8650494491773475,SVM_ML,0.3750377358490566
7,31,Sulfates,0.853609557219691,SVM_ML,0.3750377358490566
7,32,Sulfates,0.889725364506785,SVM_ML,0.3750377358490566
7,33,Sulfates,0.8668051152641065,SVM_ML,0.3750377358490566
7,34,Sulfates,0.8837539528270877,SVM_ML,0.3750377358490566
7,35,Sulfates,0.8916615105095432,SVM_ML,0.3750377358490566
7,36,Sulfates,0.8672416374978209,SVM_ML,0.3750377358490566
7,37,Sulfates,0.8903437830912395,SVM_ML,0.3750377358490566
7,38,Sulfates,0.8829280865106264,SVM_ML,0.3750377358490566
7,39,Sulfates,0.8846766728766899,SVM_ML,0.3750377358490566
7,40,Sulfates,0.8870256558699197,SVM_ML,0.3750377358490566
7,41,Sulfates,0.8906917948261155,SVM_ML,0.3750377358490566
7,42,Sulfates,0.8708205203799624,SVM_ML,0.3750377358490566
7,43,Sulfates,0.8920117892086897,SVM_ML,0.3750377358490566
7,44,Sulfates,0.8911022355302706,SVM_ML,0.3750377358490566
7,45,Sulfates,0.8902122730315574,SVM_ML,0.3750377358490566
7,46,Sulfates,0.8824858404683147,SVM_ML,0.3750377358490566
7,47,Sulfates,0.8526951159615277,SVM_ML,0.3750377358490566
7,48,Sulfates,0.8009127142511857,SVM_ML,0.3750377358490566
7,49,Sulfates,0.873221999513213,SVM_ML,0.3750377358490566
7,50,Sulfates,0.8533426198981433,SVM_ML,0.3750377358490566
7,51,Sulfates,0.891318236434307,SVM_ML,0.3750377358490566
7,52,Sulfates,0.8906203137001275,SVM_ML,0.3750377358490566
7,53,Sulfates,0.8864082039067585,SVM_ML,0.3750377358490566
7,54,Sulfates,0.8734865181584507,SVM_ML,0.3750377358490566
7,55,Sulfates,0.8757147007712107,SVM_ML,0.3750377358490566
7,56,Sulfates,0.8585484746541339,SVM_ML,0.3750377358490566
7,57,Sulfates,0.8126492612476095,SVM_ML,0.3750377358490566
7,58,Sulfates,0.8907428889037066,SVM_ML,0.3750377358490566
7,59,Sulfates,0.7912788996857856,SVM_ML,0.3750377358490566
7,60,Sulfates,0.8208667567303644,SVM_ML,0.3750377358490566
7,61,Sulfates,0.6738014131091618,SVM_ML,0.3750377358490566
8,3,Sulfates,0.8380783813872896,SVM_ML,0.3750377358490566
8,4,Sulfates,0.9407996904554234,Physics_Rules,0.4337075471698113
8,5,Sulfates,0.7607966354837926,SVM_ML,0.3750377358490566
8,6,Sulfates,0.9260112457941059,Physics_Rules,0.4337075471698113
8,7,Sulfates,0.8838008614202598,SVM_ML,0.3750377358490566
8,8,Sulfates,0.8909499310706314,SVM_ML,0.3750377358490566
8,9,Sulfates,0.9597731499850072,Physics_Rules,0.4337075471698113
8,10,Sulfates,0.902268286577769,Physics_Rules,0.4337075471698113
8,11,Sulfates,0.8846215438151077,SVM_ML,0.3750377358490566
8,12,Sulfates,0.8777612182392565,SVM_ML,0.3750377358490566
8,13,Sulfates,0.9645241942863119,Physics_Rules,0.4337075471698113
8,14,Sulfates,0.9850383451483512,Physics_Rules,0.4337075471698113
8,15,Sulfates,0.8795593324105613,SVM_ML,0.3750377358490566
8,16,Sulfates,0.9222558032268181,Physics_Rules,0.4337075471698113
8,17,Sulfates,0.8794037547911627,SVM_ML,0.3750377358490566
8,18,Sulfates,0.8848023002297408,SVM_ML,0.3750377358490566
8,19,Sulfates,0.8897227424992407,SVM_ML,0.3750377358490566
8,20,Sulfates,1.0264562204628234,Physics_Rules,0.4337075471698113
8,21,Sulfates,0.887893826123972,SVM_ML,0.3750377358490566
8,22,Sulfates,0.8688168345208916,SVM_ML,0.3750377358490566
8,23,Sulfates,0.8915001130970153,SVM_ML,0.3750377358490566
8,24,Sulfates,0.8852177467838589,SVM_ML,0.3750377358490566
8,25,Sulfates,0.8917620038222853,SVM_ML,0.3750377358490566
8,26,Sulfates,0.8861594544673115,SVM_ML,0.3750377358490566
8,27,Sulfates,0.8891033746770907,SVM_ML,0.3750377358490566
8,28,Sulfates,0.8915625070981054,SVM_ML,0.3750377358490566
8,29,Sulfates,0.8917223053169296,SVM_ML,0.3750377358490566
8,30,Sulfates,0.8873937169594328,SVM_ML,0.3750377358490566
8,31,Sulfates,0.8859249257681147,SVM_ML,0.3750377358490566
8,32,Sulfates,0.8739693148174333,SVM_ML,0.3750377358490566
8,33,Sulfates,0.8808791029585734,SVM_ML,0.3750377358490566
8,34,Sulfates,0.8916702345005312,SVM_ML,0.3750377358490566
8,35,Sulfates,0.8844208444338784,SVM_ML,0.3750377358490566
8,36,Sulfates,0.887431764670928,SVM_ML,0.3750377358490566
8,37,Sulfates,0.8918062386074999,SVM_ML,0.3750377358490566
8,38,Sulfates,0.8910338722353306,SVM_ML,0.3750377358490566
8,39,Sulfates,0.89103822206497,SVM_ML,0.3750377358490566
8,40,Sulfates,0.8838999591692808,SVM_ML,0.3750377358490566
8,41,Sulfates,0.8845347321189065,SVM_ML,0.3750377358490566
8,42,Sulfates,0.8888179688007009,SVM_ML,0.3750377358490566
8,43,Sulfates,0.8838808074960843,SVM_ML,0.3750377358490566
8,44,Sulfates,0.8859578120713782,SVM_ML,0.3750377358490566
8,45,Sulfates,0.8841549179408632,SVM_ML,0.3750377358490566
8,46,Sulfates,0.89195996668236,SVM_ML,0.3750377358490566
8,47,Sulfates,0.8894330146765873,SVM_ML,0.3750377358490566
8,48,Sulfates,0.8882467317477766,SVM_ML,0.3750377358490566
8,49,Sulfates,0.7595538309287787,SVM_ML,0.3750377358490566
8,50,Sulfates,0.812827403386257,SVM_ML,0.3750377358490566
8,51,Sulfates,0.8829587882263581,SVM_ML,0.3750377358490566
8,52,Sulfates,0.8908679449771278,SVM_ML,0.3750377358490566
8,53,Sulfates,0.8645010218489073,SVM_ML,0.3750377358490566
8,54,Sulfates,0.8744081740125719,SVM_ML,0.3750377358490566
8,55,Sulfates,0.8873088540409985,SVM_ML,0.3750377358490566
8,56,Sulfates,0.890417211620184,SVM_ML,0.3750377358490566
8,57,Sulfates,0.783919576319218,SVM_ML,0.3750377358490566
8,58,Sulfates,0.8508135050830999,SVM_ML,0.3750377358490566
8,59,Sulfates,0.8324426390271493,SVM_ML,0.3750377358490566
8,60,Sulfates,0.8625087515915547,SVM_ML,0.3750377358490566
8,61,Sulfates,0.7808932345523307,SVM_ML,0.3750377358490566
9,3,Sulfates,0.8918600996016051,SVM_ML,0.3750377358490566
9,4,Sulfates,0.7092700215198542,SVM_ML,0.3880754716981132
9,5,Sulfates,0.9457742847320995,Physics_Rules,0.4337075471698113
9,6,Sulfates,0.8492749690174491,SVM_ML,0.3750377358490566
9,7,Sulfates,0.7997153652220791,SVM_ML,0.3750377358490566
9,8,Sulfates,0.8891126509516062,SVM_ML,0.3750377358490566
9,9,Sulfates,0.9633291720599328,Physics_Rules,0.4337075471698113
9,10,Sulfates,0.9142094086678165,Physics_Rules,0.4337075471698113
9,11,Sulfates,0.8877153513735043,SVM_ML,0.3750377358490566
9,12,Sulfates,0.8716852895437487,SVM_ML,0.3750377358490566
9,13,Sulfates,0.8916196572847891,SVM_ML,0.3750377358490566
9,14,Sulfates,0.8905045505686945,SVM_ML,0.3750377358490566
9,15,Sulfates,0.8702298097400549,SVM_ML,0.3750377358490566
9,16,Sulfates,0.8803390401857529,SVM_ML,0.3750377358490566
9,17,Sulfates,0.8918008356957058,SVM_ML,0.3750377358490566
9,18,Sulfates,0.8912130947840557,SVM_ML,0.3750377358490566
9,19,Sulfates,0.8918754018445758,SVM_ML,0.3750377358490566
9,20,Sulfates,0.8909271641752753,SVM_ML,0.3750377358490566
9,21,Sulfates,0.891963210950072,SVM_ML,0.3750377358490566
9,22,Sulfates,0.8919400641578005,SVM_ML,0.3750377358490566
9,23,Sulfates,0.8767738323485837,SVM_ML,0.3750377358490566
9,24,Sulfates,0.8748838520128799,SVM_ML,0.3750377358490566
9,25,Sulfates,0.8873852343268386,SVM_ML,0.3750377358490566
9,26,Sulfates,0.8879990613014475,SVM_ML,0.3750377358490566
9,27,Sulfates,0.8902017962469677,SVM_ML,0.3750377358490566
9,28,Sulfates,0.8920463933673415,SVM_ML,0.3750377358490566
9,29,Sulfates,0.89203990180492,SVM_ML,0.3750377358490566
9,30,Sulfates,0.8870559512071341,SVM_ML,0.3750377358490566
9,31,Sulfates,0.8888106283903647,SVM_ML,0.3750377358490566
9,32,Sulfates,0.8903775115104247,SVM_ML,0.3750377358490566
9,33,Sulfates,0.8911307148156363,SVM_ML,0.3750377358490566
9,34,Sulfates,0.8919958542335378,SVM_ML,0.3750377358490566
9,35,Sulfates,0.8888888642839667,SVM_ML,0.3750377358490566
9,36,Sulfates,0.8873451890170918,SVM_ML,0.3750377358490566
9,37,Sulfates,0.877104748571847,SVM_ML,0.3750377358490566
9,38,Sulfates,0.8917501850138703,SVM_ML,0.3750377358490566
9,39,Sulfates,0.8915738138546472,SVM_ML,0.3750377358490566
9,40,Sulfates,0.8920288608677598,SVM_ML,0.3750377358490566
9,41,Sulfates,0.8869012054098079,SVM_ML,0.3750377358490566
9,42,Sulfates,0.8901558059205789,SVM_ML,0.3750377358490566
9,43,Sulfates,0.8869058984999493,SVM_ML,0.3750377358490566
9,44,Sulfates,0.8843402017715283,SVM_ML,0.3750377358490566
9,45,Sulfates,0.7844978676893429,SVM_ML,0.3750377358490566
9,46,Sulfates,0.8634880131954416,SVM_ML,0.3750377358490566
9,47,Sulfates,0.8812416430042458,SVM_ML,0.3750377358490566
9,48,Sulfates,0.8764949021176269,SVM_ML,0.3750377358490566
9,49,Sulfates,0.8919323316728395,SVM_ML,0.3750377358490566
9,50,Sulfates,0.8397580008360075,SVM_ML,0.3750377358490566
9,51,Sulfates,0.8823085394728489,SVM_ML,0.3750377358490566
9,52,Sulfates,0.8879843805400072,SVM_ML,0.3750377358490566
9,53,Sulfates,0.8723081824128697,SVM_ML,0.3750377358490566
9,54,Sulfates,0.8729961181393637,SVM_ML,0.3750377358490566
9,55,Sulfates,0.8748160247084781,SVM_ML,0.3750377358490566
9,56,Sulfates,0.8919824266020758,SVM_ML,0.3750377358490566
9,57,Sulfates,0.8857013429516438,SVM_ML,0.3750377358490566
9,58,Sulfates,0.8919462293333883,SVM_ML,0.3750377358490566
9,59,Sulfates,0.8856633151623219,SVM_ML,0.3750377358490566
9,60,Sulfates,0.823973304275568,SVM_ML,0.3750377358490566
9,61,Sulfates,0.7936881783769404,SVM_ML,0.3750377358490566
10,3,Sulfates,0.8915273308996755,SVM_ML,0.3750377358490566
10,4,Sulfates,0.8481099564850613,SVM_ML,0.3750377358490566
10,5,Sulfates,0.8535839204936098,SVM_ML,0.3750377358490566
10,6,Sulfates,0.8423662858547188,SVM_ML,0.3750377358490566
10,7,Sulfates,0.8788459772491641,SVM_ML,0.3750377358490566
10,8,Sulfates,0.8911140039365009,SVM_ML,0.3750377358490566
10,9,Sulfates,0.8581872266280364,Physics_Rules,0.4337075471698113
10,10,Sulfates,0.8872211242508606,SVM_ML,0.3750377358490566
10,11,Sulfates,0.8905965811441107,SVM_ML,0.3750377358490566
10,12,Sulfates,0.8831522720323794,SVM_ML,0.3750377358490566
10,13,Sulfates,0.8904384995766991,SVM_ML,0.3750377358490566
10,14,Sulfates,0.8899736956226534,SVM_ML,0.3750377358490566
10,15,Sulfates,0.8883741340194375,SVM_ML,0.3750377358490566
10,16,Sulfates,0.8820753770063108,SVM_ML,0.3750377358490566
10,17,Sulfates,0.8713887629997517,SVM_ML,0.3750377358490566
10,18,Sulfates,0.8827972166926711,SVM_ML,0.3750377358490566
10,19,Sulfates,0.874794267777342,SVM_ML,0.3750377358490566
10,20,Sulfates,0.8506796866606234,SVM_ML,0.3750377358490566
10,21,Sulfates,0.8637878900798718,SVM_ML,0.3750377358490566
10,22,Mixed,0.4199298991836543,Ambiguous,0.3750377358490566
10,23,Sulfates,0.8297754616964268,SVM_ML,0.3750377358490566
10,24,Sulfates,0.7345345976616424,SVM_ML,0.3750377358490566
10,25,Sulfates,0.8871260142799597,SVM_ML,0.3750377358490566
10,26,Sulfates,0.8893985127662699,SVM_ML,0.3750377358490566
10,27,Sulfates,0.8914195746959428,SVM_ML,0.3750377358490566
10,28,Sulfates,0.8710650304163212,SVM_ML,0.3750377358490566
10,29,Sulfates,0.8692944419705233,SVM_ML,0.3750377358490566
10,30,Sulfates,0.8257213310148085,SVM_ML,0.3750377358490566
10,31,Sulfates,0.8903751187567385,SVM_ML,0.3750377358490566
10,32,Sulfates,0.8716669121052688,SVM_ML,0.3750377358490566
10,33,Sulfates,0.8888607704488604,SVM_ML,0.3750377358490566
10,34,Sulfates,0.8914700165499038,SVM_ML,0.3750377358490566
10,35,Sulfates,0.8859215544716135,SVM_ML,0.3750377358490566
10,36,Sulfates,0.8864551471509619,SVM_ML,0.3750377358490566
10,37,Sulfates,0.8919879082402175,SVM_ML,0.3750377358490566
10,38,Sulfates,0.8566531841905711,SVM_ML,0.3750377358490566
10,39,Sulfates,0.8918557448811455,SVM_ML,0.3750377358490566
10,40,Sulfates,0.8911639467234375,SVM_ML,0.3750377358490566
10,41,Sulfates,0.8997738531196755,Physics_Rules,0.4337075471698113
10,42,Sulfates,0.8905645078330742,SVM_ML,0.3750377358490566
10,43,Sulfates,1.0352050704489377,Physics_Rules,0.4337075471698113
10,44,Sulfates,0.8920316484178242,SVM_ML,0.3750377358490566
10,45,Sulfates,0.8475646659775223,SVM_ML,0.3750377358490566
10,46,Sulfates,0.8898648850854372,SVM_ML,0.3750377358490566
10,47,Sulfates,0.8769165984173051,SVM_ML,0.3750377358490566
10,48,Sulfates,0.8920394055715926,SVM_ML,0.3750377358490566
10,49,Sulfates,0.8832855527321566,SVM_ML,0.3750377358490566
10,50,Sulfates,0.865894378672274,SVM_ML,0.3750377358490566
10,51,Sulfates,0.8899644664893419,SVM_ML,0.3750377358490566
10,52,Sulfates,0.8724898483487052,SVM_ML,0.3750377358490566
10,53,Sulfates,0.8903339685561512,SVM_ML,0.3750377358490566
10,54,Sulfates,0.8870280392044093,SVM_ML,0.3750377358490566
10,55,Sulfates,0.8837130931722114,SVM_ML,0.3750377358490566
10,56,Sulfates,0.8917556610897961,SVM_ML,0.3750377358490566
10,57,Sulfates,0.8701502463629368,SVM_ML,0.3750377358490566
10,58,Sulfates,0.891459925125033,SVM_ML,0.3750377358490566
10,59,Sulfates,0.8880732697989406,SVM_ML,0.3750377358490566
10,60,Sulfates,0.8333332167305846,SVM_ML,0.3750377358490566
10,61,Sulfates,0.7684595755626583,SVM_ML,0.3750377358490566
11,3,Sulfates,0.8693680941009548,SVM_ML,0.3750377358490566
11,4,Sulfates,0.8503500698897501,SVM_ML,0.3750377358490566
11,5,Sulfates,0.8879850237352287,SVM_ML,0.3750377358490566
11,6,Sulfates,0.800062833695923,SVM_ML,0.3750377358490566
11,7,Sulfates,0.8655584265934213,SVM_ML,0.3750377358490566
11,8,Sulfates,0.8907320980487909,SVM_ML,0.3750377358490566
11,9,Sulfates,0.880422324536814,SVM_ML,0.3750377358490566
11,10,Sulfates,0.889684760075996,SVM_ML,0.3750377358490566
11,11,Sulfates,0.8910710182757323,SVM_ML,0.3750377358490566
11,12,Sulfates,0.8918869550826999,SVM_ML,0.3750377358490566
11,13,Sulfates,0.8916114832703257,SVM_ML,0.3750377358490566
11,14,Sulfates,0.885578614565554,SVM_ML,0.3750377358490566
11,15,Sulfates,0.889393196972676,SVM_ML,0.3750377358490566
11,16,Sulfates,0.8639813858770372,SVM_ML,0.3750377358490566
11,17,Sulfates,0.8391879571802725,SVM_ML,0.3750377358490566
11,18,Sulfates,0.8580581556451325,SVM_ML,0.3750377358490566
11,19,Sulfates,0.8580139404054539,SVM_ML,0.3750377358490566
11,20,Sulfates,0.7529933335079867,SVM_ML,0.3750377358490566
11,21,Sulfates,0.7768605181081816,SVM_ML,0.3750377358490566
11,22,Sulfates,0.7768203317999817,SVM_ML,0.3750377358490566
11,23,Sulfates,0.8557750473850199,SVM_ML,0.3750377358490566
11,24,Sulfates,0.8874787814319388,SVM_ML,0.3750377358490566
11,25,Sulfates,0.8526119393118479,SVM_ML,0.3750377358490566
11,26,Sulfates,0.8668151289527317,SVM_ML,0.3750377358490566
11,27,Sulfates,0.8760627239005916,SVM_ML,0.3750377358490566
11,28,Sulfates,0.8262591779161726,SVM_ML,0.3750377358490566
11,29,Sulfates,0.8889258250999423,SVM_ML,0.3750377358490566
11,30,Sulfates,0.8694381961652734,SVM_ML,0.3750377358490566
11,31,Sulfates,0.8658219884449023,SVM_ML,0.3750377358490566
11,32,Sulfates,0.8911522093638845,SVM_ML,0.3750377358490566
11,33,Sulfates,0.8672399180094735,SVM_ML,0.3750377358490566
11,34,Sulfates,0.8778821797290173,SVM_ML,0.3750377358490566
11,35,Sulfates,0.8914699224020876,SVM_ML,0.3750377358490566
11,36,Sulfates,0.8920476889563602,SVM_ML,0.3750377358490566
11,37,Sulfates,0.8847105824713594,SVM_ML,0.3750377358490566
11,38,Sulfates,0.8788549808292845,SVM_ML,0.3750377358490566
11,39,Sulfates,0.8767628071539765,SVM_ML,0.3750377358490566
11,40,Sulfates,0.8697591696967711,SVM_ML,0.3750377358490566
11,41,Sulfates,0.882855071555069,SVM_ML,0.3750377358490566
11,42,Sulfates,0.8898249253876395,SVM_ML,0.3750377358490566
11,43,Sulfates,1.0494300047116667,Physics_Rules,0.4337075471698113
11,44,Sulfates,0.8874557466456747,SVM_ML,0.3750377358490566
11,45,Sulfates,1.0225176381692394,Physics_Rules,0.4337075471698113
11,46,Sulfates,0.9356907214665159,Physics_Rules,0.4337075471698113
11,47,Sulfates,0.8618269519648177,SVM_ML,0.3750377358490566
11,48,Sulfates,0.8359114656171214,SVM_ML,0.3750377358490566
11,49,Sulfates,0.8801922404687557,SVM_ML,0.3750377358490566
11,50,Sulfates,0.8723120380266844,SVM_ML,0.3750377358490566
11,51,Sulfates,0.7651701757506222,SVM_ML,0.3750377358490566
11,52,Sulfates,0.8605838074502566,SVM_ML,0.3750377358490566
11,53,Sulfates,0.8754256422781709,SVM_ML,0.3750377358490566
11,54,Sulfates,0.8870399199338428,SVM_ML,0.3750377358490566
11,55,Sulfates,0.8574499064895138,SVM_ML,0.3750377358490566
11,56,Sulfates,0.8853947698721302,SVM_ML,0.3750377358490566
11,57,Sulfates,0.8525630868060546,SVM_ML,0.3750377358490566
11,58,Sulfates,0.8840829705795359,SVM_ML,0.3750377358490566
11,59,Sulfates,0.8767385589907843,SVM_ML,0.3750377358490566
11,60,Sulfates,0.6569629146202631,SVM_ML,0.3750377358490566
11,61,Sulfates,0.8827985125021521,SVM_ML,0.3750377358490566
12,3,Sulfates,0.8842633737456558,SVM_ML,0.3750377358490566
12,4,Sulfates,0.8663547914327944,SVM_ML,0.3750377358490566
12,5,Sulfates,0.8857668000376675,SVM_ML,0.3750377358490566
12,6,Sulfates,0.8860617183251268,SVM_ML,0.3750377358490566
12,7,Sulfates,0.8052578015463148,SVM_ML,0.3750377358490566
12,8,Sulfates,0.8043360640496017,SVM_ML,0.3750377358490566
12,9,Sulfates,0.8720821205859091,SVM_ML,0.3750377358490566
12,10,Sulfates,0.8910829751413052,SVM_ML,0.3750377358490566
12,11,Sulfates,0.795410786438898,SVM_ML,0.3750377358490566
12,12,Sulfates,0.7827791927455467,SVM_ML,0.3750377358490566
12,13,Sulfates,0.8316045134714096,SVM_ML,0.3750377358490566
12,14,Sulfates,0.8742979328462087,SVM_ML,0.3750377358490566
12,15,Sulfates,0.8303265154034938,SVM_ML,0.3750377358490566
12,16,Sulfates,0.85184114658547,SVM_ML,0.3750377358490566
12,17,Sulfates,0.8333752081372274,SVM_ML,0.3750377358490566
12,18,Sulfates,0.8580573757636645,SVM_ML,0.3750377358490566
12,19,Sulfates,0.8489254350931341,SVM_ML,0.3750377358490566
12,20,Sulfates,0.7840875117654246,SVM_ML,0.3750377358490566
12,21,Sulfates,0.7787978712579481,SVM_ML,0.3750377358490566
12,22,Mixed,0.5576568518062784,Ambiguous,0.3750377358490566
12,23,Sulfates,0.8681315266775591,SVM_ML,0.3750377358490566
12,24,Sulfates,0.8859540989888931,SVM_ML,0.3750377358490566
12,25,Sulfates,0.8626435957622566,SVM_ML,0.3750377358490566
12,26,Sulfates,0.8744646575175251,SVM_ML,0.3750377358490566
12,27,Sulfates,0.8771319912044954,SVM_ML,0.3750377358490566
12,28,Sulfates,0.8906141591347468,SVM_ML,0.3750377358490566
12,29,Sulfates,0.8185790522825405,SVM_ML,0.3750377358490566
12,30,Sulfates,0.6710090468310845,SVM_ML,0.3750377358490566
12,31,Sulfates,0.8771081404116046,SVM_ML,0.3750377358490566
12,32,Sulfates,0.8915232735704771,SVM_ML,0.3750377358490566
12,33,Sulfates,0.8832850176980913,SVM_ML,0.3750377358490566
12,34,Sulfates,0.886345607230948,SVM_ML,0.3750377358490566
12,35,Sulfates,0.8765551497761693,SVM_ML,0.3750377358490566
12,36,Sulfates,0.8773145827191327,SVM_ML,0.3750377358490566
12,37,Sulfates,0.8897532805950569,SVM_ML,0.3750377358490566
12,38,Sulfates,0.8876336369283803,SVM_ML,0.3750377358490566
12,39,Sulfates,0.8704043819800488,SVM_ML,0.3750377358490566
12,40,Sulfates,0.8918200695507911,SVM_ML,0.3750377358490566
12,41,Sulfates,0.8795323061758616,SVM_ML,0.3750377358490566
12,42,Sulfates,0.8906886710739371,SVM_ML,0.3750377358490566
12,43,Sulfates,1.0473467735128488,Physics_Rules,0.4337075471698113
12,44,Sulfates,0.8870999323969776,SVM_ML,0.3750377358490566
12,45,Sulfates,1.011230251783104,Physics_Rules,0.4337075471698113
12,46,Sulfates,0.923809460056033,Physics_Rules,0.4337075471698113
12,47,Sulfates,0.9653404252934732,Physics_Rules,0.4337075471698113
12,48,Sulfates,0.8504725525673108,SVM_ML,0.3750377358490566
12,49,Sulfates,0.7780764845133802,SVM_ML,0.3750377358490566
12,50,Sulfates,0.8752856030141329,SVM_ML,0.3750377358490566
12,51,Sulfates,0.7986201464308798,SVM_ML,0.3750377358490566
12,52,Sulfates,0.8917864897563093,SVM_ML,0.3750377358490566
12,53,Sulfates,0.8762097542275205,SVM_ML,0.3750377358490566
12,54,Sulfates,0.8918586813659208,SVM_ML,0.3750377358490566
12,55,Sulfates,0.8889516363862093,SVM_ML,0.3750377358490566
12,56,Sulfates,0.8771116377818639,SVM_ML,0.3750377358490566
12,57,Sulfates,0.7790002201728011,SVM_ML,0.3750377358490566
12,58,Sulfates,0.8667061715488404,SVM_ML,0.3750377358490566
12,59,Sulfates,0.8874144150451406,SVM_ML,0.3750377358490566
12,60,Sulfates,0.8602466311109374,SVM_ML,0.3750377358490566
12,61,Sulfates,0.8782843152016995,SVM_ML,0.3750377358490566
13,3,Sulfates,0.8920533164212313,SVM_ML,0.3750377358490566
13,4,Sulfates,0.8849340182737887,SVM_ML,0.3750377358490566
13,5,Sulfates,0.8871485977765715,SVM_ML,0.3750377358490566
13,6,Sulfates,0.8858837348107679,SVM_ML,0.3750377358490566
13,7,Sulfates,0.8818014679902726,SVM_ML,0.3750377358490566
13,8,Sulfates,0.8678667437814153,SVM_ML,0.3750377358490566
13,9,Sulfates,0.8894705708969722,SVM_ML,0.3750377358490566
13,10,Sulfates,0.8697743673282421,SVM_ML,0.3750377358490566
13,11,Sulfates,0.8920528503754617,SVM_ML,0.3750377358490566
13,12,Sulfates,0.8910459744487212,SVM_ML,0.3750377358490566
13,13,Sulfates,0.8070727605626646,Physics_Rules,0.4337075471698113
13,14,Sulfates,0.884948103622409,SVM_ML,0.3750377358490566
13,15,Sulfates,0.8734417067995912,SVM_ML,0.3750377358490566
13,16,Sulfates,0.891212861658451,SVM_ML,0.3750377358490566
13,17,Sulfates,0.8919186825647764,SVM_ML,0.3750377358490566
13,18,Sulfates,0.8770744721913982,SVM_ML,0.3750377358490566
13,19,Sulfates,0.8725719172817721,SVM_ML,0.3750377358490566
13,20,Sulfates,0.8881826181673341,SVM_ML,0.3750377358490566
13,21,Sulfates,0.8823359887692207,SVM_ML,0.3750377358490566
13,22,Sulfates,0.8699181398912358,SVM_ML,0.3750377358490566
13,23,Sulfates,0.8909134924670764,SVM_ML,0.3750377358490566
13,24,Sulfates,0.8901307609005387,SVM_ML,0.3750377358490566
13,25,Sulfates,0.8918553588452242,SVM_ML,0.3750377358490566
13,26,Sulfates,0.88679630419169,SVM_ML,0.3750377358490566
13,27,Sulfates,0.892013436631161,SVM_ML,0.3750377358490566
13,28,Sulfates,0.8794663789181301,SVM_ML,0.3750377358490566
13,29,Sulfates,0.8807828389887273,SVM_ML,0.3750377358490566
13,30,Sulfates,0.8915414905914301,SVM_ML,0.3750377358490566
13,31,Sulfates,0.8448006683611747,SVM_ML,0.3750377358490566
13,32,Sulfates,0.8892066808685763,SVM_ML,0.3750377358490566
13,33,Sulfates,0.8580284793802648,SVM_ML,0.3750377358490566
13,34,Sulfates,0.8814730498017652,SVM_ML,0.3750377358490566
13,35,Sulfates,0.8663835849563485,SVM_ML,0.3750377358490566
13,36,Sulfates,0.8531708943396037,SVM_ML,0.3750377358490566
13,37,Sulfates,0.8896263496005311,SVM_ML,0.3750377358490566
13,38,Sulfates,0.8907616145700801,SVM_ML,0.3750377358490566
13,39,Sulfates,0.8914369457043312,SVM_ML,0.3750377358490566
13,40,Sulfates,0.8910801383251019,SVM_ML,0.3750377358490566
13,41,Sulfates,0.8693063559003193,SVM_ML,0.3750377358490566
13,42,Sulfates,0.8648164266411469,SVM_ML,0.3750377358490566
13,43,Sulfates,0.8899776759256781,SVM_ML,0.3750377358490566
13,44,Sulfates,0.8920489302118466,SVM_ML,0.3750377358490566
13,45,Sulfates,0.8817800889916954,SVM_ML,0.3750377358490566
13,46,Sulfates,0.8751798492373966,Physics_Rules,0.4337075471698113
13,47,Sulfates,0.8874749141208452,SVM_ML,0.3750377358490566
13,48,Sulfates,0.8681832623477399,SVM_ML,0.3750377358490566
13,49,Sulfates,0.8909081471186459,SVM_ML,0.3750377358490566
13,50,Sulfates,0.8811638616791685,SVM_ML,0.3750377358490566
13,51,Sulfates,0.8855186238751239,SVM_ML,0.3750377358490566
13,52,Sulfates,0.8888405733872555,SVM_ML,0.3750377358490566
13,53,Sulfates,0.8623371561488066,SVM_ML,0.3750377358490566
13,54,Sulfates,0.6953872047670395,SVM_ML,0.3750377358490566
13,55,Mixed,0.4667555644810324,Ambiguous,0.3750377358490566
13,56,Mixed,0.55548538718267,Ambiguous,0.3750377358490566
13,57,Sulfates,0.7774912986413303,SVM_ML,0.3750377358490566
13,58,Mixed,0.3324264968617359,Ambiguous,0.3750377358490566
13,59,Sulfates,0.8807327828614484,SVM_ML,0.3750377358490566
13,60,Sulfates,0.8824165621205153,SVM_ML,0.3750377358490566
13,61,Sulfates,0.8771903430019129,SVM_ML,0.3750377358490566
14,3,Sulfates,0.8877189151168737,SVM_ML,0.3750377358490566
14,4,Sulfates,0.8908310528637657,SVM_ML,0.3750377358490566
14,5,Sulfates,0.8791412847846087,SVM_ML,0.3750377358490566
14,6,Sulfates,0.8217008741456195,SVM_ML,0.3750377358490566
14,7,Sulfates,0.8920447702746843,SVM_ML,0.3750377358490566
14,8,Sulfates,0.8084073650886421,SVM_ML,0.3750377358490566
14,9,Sulfates,0.8628441436074201,SVM_ML,0.3750377358490566
14,10,Sulfates,0.8892748671286346,SVM_ML,0.3750377358490566
14,11,Sulfates,0.8822165910552757,SVM_ML,0.3750377358490566
14,12,Sulfates,0.8906436618062864,SVM_ML,0.3750377358490566
14,13,Sulfates,0.8920536852190298,SVM_ML,0.3750377358490566
14,14,Sulfates,0.8883907759634742,SVM_ML,0.3750377358490566
14,15,Sulfates,0.891854179529156,SVM_ML,0.3750377358490566
14,16,Sulfates,0.8673490374951018,SVM_ML,0.3750377358490566
14,17,Sulfates,0.8898208209898746,SVM_ML,0.3750377358490566
14,18,Sulfates,0.8614234682309491,SVM_ML,0.3750377358490566
14,19,Sulfates,0.8481780090540526,SVM_ML,0.3750377358490566
14,20,Sulfates,0.8277633348596392,SVM_ML,0.3750377358490566
14,21,Sulfates,0.8853073236633746,SVM_ML,0.3750377358490566
14,22,Sulfates,0.8556450481324053,SVM_ML,0.3750377358490566
14,23,Sulfates,0.8744415011596817,SVM_ML,0.3750377358490566
14,24,Sulfates,0.8888246106689915,SVM_ML,0.3750377358490566
14,25,Sulfates,0.891404464560065,SVM_ML,0.3750377358490566
14,26,Sulfates,0.8845397281484964,SVM_ML,0.3750377358490566
14,27,Sulfates,0.8886284236623196,SVM_ML,0.3750377358490566
14,28,Sulfates,0.8920434129920106,SVM_ML,0.3750377358490566
14,29,Sulfates,0.844759849606044,SVM_ML,0.3750377358490566
14,30,Sulfates,0.889605319164233,SVM_ML,0.3750377358490566
14,31,Sulfates,0.8181938657671662,SVM_ML,0.3750377358490566
14,32,Sulfates,0.8826734586315166,SVM_ML,0.3750377358490566
14,33,Sulfates,0.8503934606380408,SVM_ML,0.3750377358490566
14,34,Mixed,0.5166727384406842,Ambiguous,0.3750377358490566
14,35,Sulfates,0.623917204253966,SVM_ML,0.3750377358490566
14,36,Mixed,0.4089861001855371,Ambiguous,0.3750377358490566
14,37,Mixed,0.46246859898665565,Ambiguous,0.3750377358490566
14,38,Mixed,0.4108099724362368,Ambiguous,0.3750377358490566
14,39,Mixed,0.5702668578026865,Ambiguous,0.3750377358490566
14,40,Mixed,0.4604996643944854,Ambiguous,0.3750377358490566
14,41,Sulfates,0.8741139196866208,SVM_ML,0.3750377358490566
14,42,Sulfates,0.6061464636416103,SVM_ML,0.3750377358490566
14,43,Sulfates,0.8861333535557859,SVM_ML,0.3750377358490566
14,44,Sulfates,0.7211733431579372,SVM_ML,0.3750377358490566
14,45,Sulfates,0.8371408655046495,SVM_ML,0.3750377358490566
14,46,Sulfates,0.7815608781018321,SVM_ML,0.3750377358490566
14,47,Sulfates,0.8727754231068772,SVM_ML,0.3750377358490566
14,48,Sulfates,0.8794499888550479,SVM_ML,0.3750377358490566
14,49,Sulfates,0.791008769891144,SVM_ML,0.3750377358490566
14,50,Sulfates,0.8584891975946096,SVM_ML,0.3750377358490566
14,51,Sulfates,0.8374214672607581,SVM_ML,0.3750377358490566
14,52,Sulfates,0.8920524299863306,SVM_ML,0.3750377358490566
14,53,Sulfates,0.8734078216232037,SVM_ML,0.3750377358490566
14,54,Mixed,0.5908314940271084,Ambiguous,0.3750377358490566
14,55,Mixed,0.5658445078012241,Ambiguous,0.3750377358490566
14,56,Mixed,0.5689674162371527,Ambiguous,0.3750377358490566
14,57,Sulfates,0.654171324550082,SVM_ML,0.3750377358490566
14,58,Mixed,0.15337674591103984,Ambiguous,0.3750377358490566
14,59,Mixed,0.3193530477356535,Ambiguous,0.3750377358490566
14,60,Sulfates,0.888206761166847,SVM_ML,0.3750377358490566
14,61,Sulfates,0.8912753584158791,SVM_ML,0.3750377358490566
